condition,CL_CD_baseline,CL_CD_vpf,fan_efficiency_baseline,fan_efficiency_new,SFC_baseline,SFC_new,SFC_reduction_percent
climb,101.178331,106.261000,0.880000,0.908734,0.577500,0.559239,3.162011
cruise,101.178331,101.178331,0.880000,0.880000,0.550000,0.550000,0.000000
descent,101.178331,103.902431,0.880000,0.895400,0.522500,0.513513,1.719944
takeoff,101.178331,109.302585,0.880000,0.925930,0.632500,0.601126,4.960370
